"Symbol","Series","Date","Prev Close","Open Price","High Price","Low Price","Last Price","Close Price","Average Price","Total Traded Quantity","Turnover","No. of Trades","Deliverable Qty","% Dly Qt to Traded Qty"
"SUNPHARMA","EQ","08-Aug-2019","        421.05","        424.00","        428.20","        418.15","        427.05","        426.45","        422.86","    3157083","          1335015312.55","      55223","     634205","         20.09"
"SUNPHARMA","EQ","09-Aug-2019","        426.45","        428.00","        430.35","        418.45","        422.50","        422.00","        424.17","    3434604","          1456845592.05","      52089","     700448","         20.39"
"SUNPHARMA","EQ","13-Aug-2019","        422.00","        421.50","        444.50","        420.75","        438.35","        439.25","        434.82","   13211835","          5744724362.25","     186160","    3951212","         29.91"
"SUNPHARMA","EQ","14-Aug-2019","        439.25","        440.00","        441.00","        408.05","        416.50","        417.15","        418.02","   16173302","          6760844325.45","     207289","    4138401","         25.59"
"SUNPHARMA","EQ","16-Aug-2019","        417.15","        419.40","        421.40","        410.00","        413.40","        414.70","        414.43","    6536156","          2708786522.15","     111799","    1863520","         28.51"
"SUNPHARMA","EQ","19-Aug-2019","        414.70","        424.75","        434.20","        421.00","        426.00","        426.00","        427.06","   11584821","          4947424996.85","     159019","    2082843","         17.98"
"SUNPHARMA","EQ","20-Aug-2019","        426.00","        426.00","        426.50","        417.30","        420.80","        420.90","        421.60","    5151625","          2171945238.00","      72097","    1022145","         19.84"
"SUNPHARMA","EQ","21-Aug-2019","        420.90","        421.00","        425.85","        413.60","        415.65","        417.00","        418.96","    5120294","          2145184872.00","      74961","    1008597","         19.70"
"SUNPHARMA","EQ","22-Aug-2019","        417.00","        416.70","        420.75","        408.50","        413.00","        414.55","        415.12","    5299316","          2199829453.65","      94123","    1308426","         24.69"
"SUNPHARMA","EQ","23-Aug-2019","        414.55","        415.00","        429.95","        408.90","        427.90","        427.80","        420.84","    5479802","          2306093152.55","      85076","    1015295","         18.53"
"SUNPHARMA","EQ","26-Aug-2019","        427.80","        428.00","        429.80","        415.10","        418.95","        419.35","        419.97","    6258106","          2628224042.05","      74984","    2281719","         36.46"
"SUNPHARMA","EQ","27-Aug-2019","        419.35","        424.05","        425.45","        415.10","        416.75","        416.75","        418.60","    6738413","          2820719749.65","     105883","    2725453","         40.45"
"SUNPHARMA","EQ","28-Aug-2019","        416.75","        416.90","        421.70","        411.50","        412.70","        413.10","        416.35","    3441725","          1432978407.60","      52277","     506965","         14.73"
"SUNPHARMA","EQ","29-Aug-2019","        413.10","        428.00","        438.60","        421.10","        434.00","        434.65","        430.25","   19967263","          8590893304.60","     222713","    3351923","         16.79"
"SUNPHARMA","EQ","30-Aug-2019","        434.65","        432.95","        453.40","        429.75","        452.15","        450.40","        443.01","   12308149","          5452630294.25","     172404","    2422412","         19.68"
"SUNPHARMA","EQ","03-Sep-2019","        450.40","        450.00","        456.00","        434.30","        438.50","        439.35","        447.79","    9396440","          4207661955.90","     131154","    1806143","         19.22"
"SUNPHARMA","EQ","04-Sep-2019","        439.35","        424.55","        429.45","        401.30","        426.00","        426.45","        416.45","   33952423","         14139402138.55","     355813","    4149867","         12.22"
"SUNPHARMA","EQ","05-Sep-2019","        426.45","        428.00","        433.95","        423.35","        432.70","        431.80","        429.45","    8793166","          3776266451.80","     128452","    1329616","         15.12"
"SUNPHARMA","EQ","06-Sep-2019","        431.80","        416.70","        427.20","        414.45","        425.00","        425.10","        420.75","   12513040","          5264867282.75","     142052","    2324400","         18.58"
"SUNPHARMA","EQ","09-Sep-2019","        425.10","        426.00","        432.50","        426.00","        428.20","        428.80","        429.52","    5488753","          2357555861.50","      69471","     641182","         11.68"
"SUNPHARMA","EQ","11-Sep-2019","        428.80","        432.00","        435.00","        421.25","        422.60","        422.20","        426.41","    7742635","          3301510735.60","      94865","    3055426","         39.46"
"SUNPHARMA","EQ","12-Sep-2019","        422.20","        424.75","        439.80","        419.45","        427.70","        427.80","        430.50","    9896642","          4260507643.00","     108689","    2023396","         20.45"
"SUNPHARMA","EQ","13-Sep-2019","        427.80","        430.45","        432.85","        421.10","        421.80","        422.85","        424.97","    6847742","          2910060585.25","      66390","    2281305","         33.31"
"SUNPHARMA","EQ","16-Sep-2019","        422.85","        421.00","        429.50","        419.95","        426.00","        426.80","        425.88","    5239616","          2231460430.40","      84062","    1463088","         27.92"
"SUNPHARMA","EQ","17-Sep-2019","        426.80","        426.70","        427.55","        419.15","        420.80","        420.65","        422.81","    3367950","          1424012609.00","      58872","     921635","         27.36"
"SUNPHARMA","EQ","18-Sep-2019","        420.65","        423.90","        424.60","        414.25","        417.30","        416.80","        418.55","    3728621","          1560619058.70","      70685","     840591","         22.54"
"SUNPHARMA","EQ","19-Sep-2019","        416.80","        416.80","        418.90","        408.20","        410.70","        411.15","        411.92","    4238714","          1746003914.10","      73253","    1483541","         35.00"
"SUNPHARMA","EQ","20-Sep-2019","        411.15","        413.90","        420.80","        408.00","        414.20","        413.70","        415.09","   11785529","          4892058627.30","     144373","    5619360","         47.68"
"SUNPHARMA","EQ","23-Sep-2019","        413.70","        418.00","        424.30","        405.40","        407.00","        409.45","        412.87","    7342291","          3031394597.25","     106069","    3206591","         43.67"
"SUNPHARMA","EQ","24-Sep-2019","        409.45","        408.00","        419.70","        406.35","        409.75","        409.65","        413.88","    5860106","          2425388536.35","      88914","    1739770","         29.69"
"SUNPHARMA","EQ","25-Sep-2019","        409.65","        409.60","        412.70","        401.75","        406.75","        406.75","        406.69","    5031063","          2046059736.50","      70703","    1681756","         33.43"
"SUNPHARMA","EQ","26-Sep-2019","        406.75","        406.75","        413.00","        405.30","        412.90","        411.95","        410.08","    5309789","          2177425515.25","      87956","    1675765","         31.56"
"SUNPHARMA","EQ","27-Sep-2019","        411.95","        412.00","        412.50","        400.25","        402.10","        401.70","        405.11","    3835936","          1553976654.00","      58856","    1338452","         34.89"
"SUNPHARMA","EQ","30-Sep-2019","        401.70","        402.90","        403.00","        386.55","        390.50","        389.45","        391.35","    6674624","          2612081328.70","      99735","    2624835","         39.33"
"SUNPHARMA","EQ","01-Oct-2019","        389.45","        388.50","        396.40","        380.10","        388.00","        386.55","        389.01","    4308157","          1675901683.15","      98376","    1346550","         31.26"
"SUNPHARMA","EQ","03-Oct-2019","        386.55","        382.00","        391.45","        377.65","        387.10","        388.15","        385.43","    5216456","          2010596353.95","     106807","    1927697","         36.95"
"SUNPHARMA","EQ","04-Oct-2019","        388.15","        389.00","        394.00","        384.20","        385.45","        386.05","        388.48","    4024033","          1563260438.20","      88238","    1413161","         35.12"
"SUNPHARMA","EQ","07-Oct-2019","        386.05","        386.05","        387.65","        372.60","        380.25","        379.90","        378.94","    5151963","          1952293963.95","      87751","     996821","         19.35"
"SUNPHARMA","EQ","09-Oct-2019","        379.90","        378.00","        387.75","        374.20","        384.10","        383.95","        381.12","    4991946","          1902520946.55","      87267","    1792162","         35.90"
"SUNPHARMA","EQ","10-Oct-2019","        383.95","        385.00","        389.80","        378.70","        386.05","        387.05","        385.55","    4581317","          1766331386.60","      64463","    1195620","         26.10"
"SUNPHARMA","EQ","11-Oct-2019","        387.05","        387.40","        389.35","        381.50","        387.30","        386.30","        384.62","    4273739","          1643773131.80","      56854","    1099912","         25.74"
"SUNPHARMA","EQ","14-Oct-2019","        386.30","        387.00","        399.00","        387.00","        395.50","        394.65","        394.99","    4372357","          1727051381.90","      73295","    1194634","         27.32"
"SUNPHARMA","EQ","15-Oct-2019","        394.65","        397.20","        400.00","        392.25","        396.20","        396.80","        396.46","    2892153","          1146620527.35","      45973","     396183","         13.70"
"SUNPHARMA","EQ","16-Oct-2019","        396.80","        398.05","        402.20","        394.25","        398.60","        399.70","        399.19","    5503380","          2196919345.70","      71067","    2074560","         37.70"
"SUNPHARMA","EQ","17-Oct-2019","        399.70","        401.60","        402.55","        396.80","        400.00","        401.50","        399.68","    2934902","          1173028039.95","      54036","     786561","         26.80"
"SUNPHARMA","EQ","18-Oct-2019","        401.50","        401.00","        406.50","        397.50","        400.95","        401.65","        402.57","    4647037","          1870745184.15","      55301","    1291991","         27.80"
"SUNPHARMA","EQ","22-Oct-2019","        401.65","        402.00","        408.00","        400.95","        405.60","        405.45","        405.26","    2944611","          1193339241.15","      84680","    1054658","         35.82"
"SUNPHARMA","EQ","23-Oct-2019","        405.45","        405.60","        411.35","        403.00","        405.50","        405.20","        406.39","    3374975","          1371567590.05","      60552","    1120339","         33.20"
"SUNPHARMA","EQ","24-Oct-2019","        405.20","        405.00","        407.75","        398.70","        406.40","        405.95","        404.16","    3017220","          1219431441.20","      74302","     799222","         26.49"
"SUNPHARMA","EQ","25-Oct-2019","        405.95","        405.00","        419.50","        401.05","        416.35","        417.50","        412.93","    4845146","          2000725812.35","      77514","    1554096","         32.08"
"SUNPHARMA","EQ","27-Oct-2019","        417.50","        416.05","        419.80","        416.05","        417.00","        417.75","        417.96","     359082","           150083514.25","       7411","     121699","         33.89"
"SUNPHARMA","EQ","29-Oct-2019","        417.75","        417.70","        425.50","        414.00","        421.80","        421.95","        421.72","    3863059","          1629114216.75","      71180","    1489602","         38.56"
"SUNPHARMA","EQ","30-Oct-2019","        421.95","        426.95","        432.55","        418.10","        429.60","        429.65","        424.82","    3511610","          1491817332.50","      58004","     758810","         21.61"
"SUNPHARMA","EQ","31-Oct-2019","        429.65","        429.60","        440.55","        428.80","        434.70","        433.40","        435.27","    6710116","          2920695308.90","      97323","    3192973","         47.58"
"SUNPHARMA","EQ","01-Nov-2019","        433.40","        434.65","        440.90","        433.10","        438.90","        437.55","        437.32","    3545584","          1550565646.10","      58866","    1042470","         29.40"
"SUNPHARMA","EQ","04-Nov-2019","        437.55","        439.95","        442.40","        433.65","        438.60","        437.95","        439.19","    4646694","          2040792827.85","      58805","    2023989","         43.56"
"SUNPHARMA","EQ","05-Nov-2019","        437.95","        435.50","        439.80","        424.05","        429.20","        429.90","        431.06","    6719996","          2896725321.90","      65433","    3498644","         52.06"
"SUNPHARMA","EQ","06-Nov-2019","        429.90","        432.40","        452.90","        422.10","        427.50","        427.90","        438.13","   15917528","          6973871229.45","     184052","    2890919","         18.16"
"SUNPHARMA","EQ","07-Nov-2019","        427.90","        431.70","        444.00","        423.40","        442.50","        440.60","        435.78","   14294406","          6229160048.30","     152916","    3490801","         24.42"
"SUNPHARMA","EQ","08-Nov-2019","        440.60","        442.00","        442.50","        420.85","        421.65","        422.10","        428.17","   11902470","          5096228243.75","     138582","    3162515","         26.57"
"SUNPHARMA","EQ","11-Nov-2019","        422.10","        415.00","        423.30","        407.10","        420.60","        421.45","        416.73","   10249882","          4271426689.45","     127922","    2702993","         26.37"
"SUNPHARMA","EQ","13-Nov-2019","        421.45","        420.00","        426.90","        410.00","        412.55","        412.00","        417.92","    6033467","          2521492554.45","      71449","    2667612","         44.21"
"SUNPHARMA","EQ","14-Nov-2019","        412.00","        413.20","        417.35","        407.55","        410.50","        410.20","        412.73","    4750176","          1960517454.70","     127361","    2143285","         45.12"
"SUNPHARMA","EQ","15-Nov-2019","        410.20","        412.75","        418.90","        410.15","        416.00","        415.05","        415.04","    5416931","          2248254892.15","      67389","    2328614","         42.99"
"SUNPHARMA","EQ","18-Nov-2019","        415.05","        418.00","        430.00","        417.05","        424.75","        424.55","        425.04","    7710740","          3277341928.85","     109161","    2544570","         33.00"
"SUNPHARMA","EQ","19-Nov-2019","        424.55","        425.00","        429.90","        421.60","        425.20","        425.90","        425.91","    4163853","          1773414710.95","      65315","    1352330","         32.48"
"SUNPHARMA","EQ","20-Nov-2019","        425.90","        427.20","        460.60","        423.85","        448.50","        450.00","        447.15","   23107507","         10332456975.50","     233907","    5289320","         22.89"
"SUNPHARMA","EQ","21-Nov-2019","        450.00","        450.00","        454.45","        443.60","        447.05","        447.15","        449.10","    7480460","          3359481950.35","      85370","    2543785","         34.01"
"SUNPHARMA","EQ","22-Nov-2019","        447.15","        450.00","        461.90","        445.10","        450.80","        452.10","        453.50","   12114721","          5494020257.60","     126896","    1972013","         16.28"
"SUNPHARMA","EQ","25-Nov-2019","        452.10","        453.00","        463.90","        450.00","        458.45","        458.95","        459.63","    8251208","          3792463214.20","     112128","    2128537","         25.80"
"SUNPHARMA","EQ","26-Nov-2019","        458.95","        463.80","        467.40","        446.50","        452.00","        450.75","        455.67","   11278843","          5139484795.80","     119712","    4462397","         39.56"
"SUNPHARMA","EQ","27-Nov-2019","        450.75","        449.95","        461.00","        447.55","        459.25","        458.75","        455.44","    6481012","          2951681974.65","      63515","    2618433","         40.40"
"SUNPHARMA","EQ","28-Nov-2019","        458.75","        456.20","        462.40","        455.15","        459.50","        457.35","        459.08","    4005893","          1839036430.80","      52474","     900949","         22.49"
"SUNPHARMA","EQ","29-Nov-2019","        457.35","        458.40","        460.55","        447.45","        449.00","        449.85","        452.73","    3198828","          1448208886.65","      52523","    1101883","         34.45"
"SUNPHARMA","EQ","02-Dec-2019","        449.85","        449.00","        449.60","        437.00","        440.00","        440.00","        440.96","    4933088","          2175285421.05","      60337","    2262921","         45.87"
"SUNPHARMA","EQ","03-Dec-2019","        440.00","        441.40","        442.20","        430.50","        433.60","        433.60","        436.70","    3602073","          1573019999.90","      52508","    1377174","         38.23"
"SUNPHARMA","EQ","04-Dec-2019","        433.60","        433.50","        444.70","        431.70","        443.05","        443.70","        439.74","    4318531","          1899035709.20","      72952","    1203125","         27.86"
"SUNPHARMA","EQ","05-Dec-2019","        443.70","        440.00","        441.95","        433.25","        436.50","        436.70","        436.45","    4096921","          1788097478.70","      99191","    1561410","         38.11"
"SUNPHARMA","EQ","06-Dec-2019","        436.70","        440.30","        444.20","        427.00","        428.40","        428.60","        435.28","    5805588","          2527056403.00","      58353","    1801025","         31.02"
"SUNPHARMA","EQ","09-Dec-2019","        428.60","        431.85","        434.60","        423.60","        427.00","        427.00","        430.19","    4959765","          2133630616.65","      63358","    1726339","         34.81"
"SUNPHARMA","EQ","10-Dec-2019","        427.00","        429.60","        435.75","        425.30","        427.60","        427.65","        430.52","    5578960","          2401847380.75","      74212","    1152558","         20.66"
"SUNPHARMA","EQ","11-Dec-2019","        427.65","        429.10","        431.90","        425.15","        429.90","        429.80","        428.75","    3322986","          1424745015.90","      64060","     972927","         29.28"
"SUNPHARMA","EQ","12-Dec-2019","        429.80","        430.90","        437.90","        430.25","        433.05","        434.15","        434.37","    2794856","          1214014561.15","      51164","     899140","         32.17"
"SUNPHARMA","EQ","13-Dec-2019","        434.15","        437.60","        441.90","        425.60","        437.75","        439.25","        434.62","    5386394","          2341056611.60","      63305","    1366940","         25.38"
"SUNPHARMA","EQ","16-Dec-2019","        439.25","        431.25","        437.20","        426.40","        435.00","        435.15","        433.05","    8290756","          3590298604.95","      95443","    1963584","         23.68"
"SUNPHARMA","EQ","17-Dec-2019","        435.15","        434.00","        437.50","        426.25","        429.70","        429.05","        430.58","    6407264","          2758846948.95","      75881","    2337177","         36.48"
"SUNPHARMA","EQ","18-Dec-2019","        429.05","        430.00","        441.40","        427.30","        439.80","        439.75","        435.75","    5341984","          2327793869.20","      61223","    1495478","         27.99"
"SUNPHARMA","EQ","19-Dec-2019","        439.75","        439.80","        440.60","        427.50","        433.35","        433.60","        433.15","    6465219","          2800437386.65","      68937","    1871303","         28.94"
"SUNPHARMA","EQ","20-Dec-2019","        433.60","        429.15","        436.70","        428.05","        430.30","        430.30","        431.82","    7157364","          3090683599.30","      73641","    2580724","         36.06"
"SUNPHARMA","EQ","23-Dec-2019","        430.30","        427.10","        432.00","        426.60","        427.50","        428.40","        429.24","    4534617","          1946433571.15","      48100","    1771162","         39.06"
"SUNPHARMA","EQ","24-Dec-2019","        428.40","        428.00","        432.45","        425.40","        429.15","        429.80","        429.44","    4210004","          1807951345.05","      42944","     916846","         21.78"
"SUNPHARMA","EQ","26-Dec-2019","        429.80","        430.90","        431.40","        420.65","        421.90","        422.15","        426.69","    5296867","          2260117553.55","      51320","    1449301","         27.36"
"SUNPHARMA","EQ","27-Dec-2019","        422.15","        422.00","        427.15","        421.40","        426.00","        426.00","        424.73","    3413181","          1449674345.55","      38150","     780417","         22.86"
"SUNPHARMA","EQ","30-Dec-2019","        426.00","        428.95","        433.50","        426.70","        429.50","        430.15","        430.53","    4758825","          2048796570.55","      46376","     757570","         15.92"
"SUNPHARMA","EQ","31-Dec-2019","        430.15","        430.10","        435.40","        428.70","        432.30","        432.55","        432.59","    2957369","          1279319641.05","      30191","    1168468","         39.51"
"SUNPHARMA","EQ","01-Jan-2020","        432.55","        432.95","        436.45","        431.25","        433.70","        434.30","        434.19","    2321850","          1008133830.15","      26860","     535495","         23.06"
"SUNPHARMA","EQ","02-Jan-2020","        434.30","        434.00","        442.60","        432.00","        434.65","        434.95","        436.67","    4555670","          1989331434.45","      55381","    1473154","         32.34"
"SUNPHARMA","EQ","03-Jan-2020","        434.95","        434.65","        450.40","        433.05","        443.15","        444.60","        444.26","    9457180","          4201473863.60","     140147","    2419437","         25.58"
"SUNPHARMA","EQ","06-Jan-2020","        444.60","        440.90","        444.70","        435.10","        439.00","        439.95","        439.90","    4794923","          2109276730.30","      54273","    1170220","         24.41"
"SUNPHARMA","EQ","07-Jan-2020","        439.95","        441.40","        448.00","        437.55","        447.05","        446.40","        443.49","    4504083","          1997499900.55","      63835","    1419164","         31.51"
"SUNPHARMA","EQ","08-Jan-2020","        446.40","        442.95","        446.50","        439.00","        439.10","        440.10","        441.78","    3881918","          1714947318.10","      61787","    1589497","         40.95"
"SUNPHARMA","EQ","09-Jan-2020","        440.10","        442.70","        444.85","        439.00","        439.95","        439.85","        441.60","    3934566","          1737506321.00","      52598","    1855620","         47.16"
"SUNPHARMA","EQ","10-Jan-2020","        439.85","        440.10","        449.00","        440.00","        444.75","        443.60","        445.53","    4334013","          1930932329.85","      50131","     862079","         19.89"
"SUNPHARMA","EQ","13-Jan-2020","        443.60","        447.00","        453.65","        442.55","        444.80","        444.60","        447.40","    4823348","          2157943768.30","     105783","    1247523","         25.86"
"SUNPHARMA","EQ","14-Jan-2020","        444.60","        447.00","        449.50","        444.40","        446.60","        446.00","        446.99","    2708589","          1210709086.55","      38098","     779995","         28.80"
"SUNPHARMA","EQ","15-Jan-2020","        446.00","        447.60","        450.70","        443.65","        448.50","        449.05","        447.29","    3054107","          1366076894.60","      47457","    1198618","         39.25"
"SUNPHARMA","EQ","16-Jan-2020","        449.05","        452.25","        456.35","        447.40","        448.20","        449.05","        451.34","    4416809","          1993469804.95","      62319","     996699","         22.57"
"SUNPHARMA","EQ","17-Jan-2020","        449.05","        448.20","        456.25","        446.00","        454.75","        454.60","        451.53","    3216737","          1452466883.80","      49212","     805184","         25.03"
"SUNPHARMA","EQ","20-Jan-2020","        454.60","        454.20","        456.20","        446.15","        449.30","        449.45","        450.14","    2824739","          1271534484.00","      37371","     676054","         23.93"
"SUNPHARMA","EQ","21-Jan-2020","        449.45","        448.00","        451.75","        446.00","        448.00","        447.40","        448.84","    2573651","          1155168440.30","      64119","     943823","         36.67"
"SUNPHARMA","EQ","22-Jan-2020","        447.40","        448.40","        453.85","        445.35","        447.00","        446.30","        449.22","    3412716","          1533074064.60","      52067","    1467113","         42.99"
"SUNPHARMA","EQ","23-Jan-2020","        446.30","        447.20","        452.20","        445.00","        450.00","        449.85","        449.65","    1875787","           843451684.35","      33288","     591225","         31.52"
"SUNPHARMA","EQ","24-Jan-2020","        449.85","        450.00","        452.85","        446.80","        447.40","        447.80","        450.39","    2153164","           969753957.20","      51893","     592641","         27.52"
"SUNPHARMA","EQ","27-Jan-2020","        447.80","        447.00","        451.75","        442.20","        448.75","        448.40","        447.56","    3530914","          1580291567.35","      68219","    1241630","         35.16"
"SUNPHARMA","EQ","28-Jan-2020","        448.40","        448.25","        462.50","        448.05","        452.90","        452.90","        457.01","    9487290","          4335776556.75","     123740","    2912794","         30.70"
"SUNPHARMA","EQ","29-Jan-2020","        452.90","        454.85","        456.75","        449.45","        450.45","        450.10","        452.84","    3103817","          1405526081.80","      52139","     981819","         31.63"
"SUNPHARMA","EQ","30-Jan-2020","        450.10","        451.50","        453.75","        440.30","        441.95","        442.10","        443.15","    3486193","          1544919555.40","      53746","    1295651","         37.17"
"SUNPHARMA","EQ","31-Jan-2020","        442.10","        442.60","        445.40","        432.65","        435.50","        434.30","        437.61","    3757229","          1644208885.65","      61041","    1553410","         41.34"
"SUNPHARMA","EQ","01-Feb-2020","        434.30","        432.95","        437.40","        419.40","        422.80","        422.80","        429.26","    2217675","           951962060.70","      48894","     411193","         18.54"
"SUNPHARMA","EQ","03-Feb-2020","        422.80","        423.80","        428.90","        414.00","        417.30","        417.55","        419.66","    4032780","          1692403581.50","      59911","    1237089","         30.68"
"SUNPHARMA","EQ","04-Feb-2020","        417.55","        416.95","        426.90","        412.85","        423.95","        425.65","        421.27","    4848610","          2042590027.55","      73352","     902311","         18.61"
"SUNPHARMA","EQ","05-Feb-2020","        425.65","        429.50","        431.40","        421.90","        427.50","        426.25","        426.39","    3826307","          1631505571.55","      46001","    1075226","         28.10"
"SUNPHARMA","EQ","06-Feb-2020","        426.25","        428.20","        438.00","        424.00","        428.80","        430.65","        429.78","    7745520","          3328885303.10","      90969","    2586044","         33.39"
"SUNPHARMA","EQ","07-Feb-2020","        430.65","        432.00","        441.75","        423.20","        430.35","        430.80","        434.30","    7402556","          3214934498.40","      82235","    1626411","         21.97"
"SUNPHARMA","EQ","10-Feb-2020","        430.80","        428.55","        432.75","        418.30","        419.95","        420.30","        422.73","    3638523","          1538112618.95","      47171","    1150389","         31.62"
"SUNPHARMA","EQ","11-Feb-2020","        420.30","        422.00","        424.70","        416.80","        419.00","        418.55","        420.29","    4683072","          1968231430.35","      52542","    1885064","         40.25"
"SUNPHARMA","EQ","12-Feb-2020","        418.55","        418.80","        421.30","        414.00","        414.60","        414.60","        416.65","    4439987","          1849916057.00","      47834","    2155826","         48.55"
"SUNPHARMA","EQ","13-Feb-2020","        414.60","        414.60","        420.10","        412.00","        418.65","        418.95","        417.18","    3924569","          1637270091.60","      62025","    1239331","         31.58"
"SUNPHARMA","EQ","14-Feb-2020","        418.95","        420.00","        424.75","        416.50","        417.60","        418.55","        420.90","    2862205","          1204708467.60","      41695","     597121","         20.86"
"SUNPHARMA","EQ","17-Feb-2020","        418.55","        416.20","        418.50","        407.30","        407.65","        408.40","        412.46","    2625157","          1082770599.50","      41610","     798134","         30.40"
"SUNPHARMA","EQ","18-Feb-2020","        408.40","        407.00","        410.85","        399.05","        406.10","        408.65","        404.78","    4187206","          1694903794.80","      58541","    1271500","         30.37"
"SUNPHARMA","EQ","19-Feb-2020","        408.65","        410.40","        414.20","        400.60","        403.25","        403.55","        405.44","    5910512","          2396335656.05","      65492","    1689625","         28.59"
"SUNPHARMA","EQ","20-Feb-2020","        403.55","        403.85","        411.50","        403.55","        404.80","        404.95","        407.27","    4000525","          1629280061.15","      64180","    1118580","         27.96"
"SUNPHARMA","EQ","24-Feb-2020","        404.95","        406.50","        414.65","        395.80","        397.30","        397.85","        404.97","   12668574","          5130390125.25","     129845","    4813272","         37.99"
"SUNPHARMA","EQ","25-Feb-2020","        397.85","        402.40","        402.40","        385.30","        387.50","        388.90","        390.88","   10050971","          3928699969.20","     120820","    3534953","         35.17"
"SUNPHARMA","EQ","26-Feb-2020","        388.90","        385.10","        386.95","        372.50","        374.00","        374.70","        378.15","   12146582","          4593268601.90","     120753","    5020090","         41.33"
"SUNPHARMA","EQ","27-Feb-2020","        374.70","        375.00","        390.70","        369.45","        388.00","        388.50","        380.83","   15164166","          5774939180.45","     164638","    5000518","         32.98"
"SUNPHARMA","EQ","28-Feb-2020","        388.50","        379.65","        385.60","        371.10","        373.20","        372.90","        379.91","    8439591","          3206318902.60","      86209","    1951047","         23.12"
"SUNPHARMA","EQ","02-Mar-2020","        372.90","        378.00","        383.65","        363.35","        372.05","        369.50","        376.87","    6915567","          2606303340.80","      72067","    2742894","         39.66"
"SUNPHARMA","EQ","03-Mar-2020","        369.50","        374.00","        396.40","        373.25","        396.00","        393.55","        386.86","   14474553","          5599644850.65","     167409","    5469999","         37.79"
"SUNPHARMA","EQ","04-Mar-2020","        393.55","        398.00","        412.90","        387.35","        404.50","        405.45","        403.52","   26369149","         10640594992.05","     271057","    3273035","         12.41"
"SUNPHARMA","EQ","05-Mar-2020","        405.45","        409.95","        414.80","        401.75","        404.50","        404.90","        408.26","    9874059","          4031203675.50","     106590","    1526528","         15.46"
"SUNPHARMA","EQ","06-Mar-2020","        404.90","        390.05","        403.20","        390.05","        400.10","        400.90","        398.45","    6500912","          2590277927.25","      81949","    1532372","         23.57"
"SUNPHARMA","EQ","09-Mar-2020","        400.90","        396.05","        403.90","        385.55","        393.00","        393.35","        394.67","   13152861","          5191013676.80","     101814","    2837377","         21.57"
"SUNPHARMA","EQ","11-Mar-2020","        393.35","        394.40","        395.25","        380.05","        386.85","        385.95","        386.99","    9127364","          3532178058.15","     107037","    2836001","         31.07"
"SUNPHARMA","EQ","12-Mar-2020","        385.95","        365.50","        372.70","        346.40","        357.45","        354.80","        357.70","   11663067","          4171832530.20","     126274","    4391159","         37.65"
"SUNPHARMA","EQ","13-Mar-2020","        354.80","        341.00","        402.95","        325.00","        386.00","        384.20","        383.27","   15802656","          6056719413.00","     212119","    6498150","         41.12"
"SUNPHARMA","EQ","16-Mar-2020","        384.20","        376.00","        396.40","        362.80","        370.00","        368.55","        377.06","   14480706","          5460138953.40","     168078","    6078087","         41.97"
"SUNPHARMA","EQ","17-Mar-2020","        368.55","        376.00","        395.60","        364.20","        371.00","        370.15","        383.84","   12903647","          4952926425.90","     193522","    3405953","         26.40"
"SUNPHARMA","EQ","18-Mar-2020","        370.15","        383.40","        386.40","        355.10","        366.75","        362.75","        369.47","   12342705","          4560217675.35","     201026","    4040725","         32.74"
"SUNPHARMA","EQ","19-Mar-2020","        362.75","        351.70","        374.45","        347.65","        361.30","        360.40","        362.17","    8728105","          3161099064.30","     168016","    2750810","         31.52"
"SUNPHARMA","EQ","20-Mar-2020","        360.40","        365.20","        379.50","        362.20","        363.05","        365.25","        370.57","   10631944","          3939883268.30","     159028","    4895530","         46.05"
"SUNPHARMA","EQ","23-Mar-2020","        365.25","        345.00","        354.70","        315.05","        332.00","        324.50","        333.76","    8018903","          2676357691.35","     110889","    4271687","         53.27"
"SUNPHARMA","EQ","24-Mar-2020","        324.50","        330.00","        348.00","        330.00","        334.00","        335.15","        340.24","    6408587","          2180469462.65","     110071","    2310684","         36.06"
"SUNPHARMA","EQ","25-Mar-2020","        335.15","        332.00","        350.80","        329.55","        343.95","        347.65","        339.90","    6174391","          2098694157.50","     105868","    2445460","         39.61"
"SUNPHARMA","EQ","26-Mar-2020","        347.65","        365.00","        368.00","        336.10","        338.80","        338.30","        348.14","   11670467","          4062946057.80","     168355","    4781343","         40.97"
"SUNPHARMA","EQ","27-Mar-2020","        338.30","        347.00","        352.50","        333.00","        338.30","        338.25","        341.42","    7745785","          2644590217.25","     111490","    2678894","         34.59"
"SUNPHARMA","EQ","30-Mar-2020","        338.25","        321.65","        344.00","        312.00","        332.55","        332.70","        334.25","   11648309","          3893470175.15","     143583","    3629631","         31.16"
"SUNPHARMA","BL","31-Mar-2020","        474.75","        350.00","        350.00","        350.00","        350.00","        350.00","        350.00","    1000000","           350000000.00","          1","-","-"
"SUNPHARMA","EQ","31-Mar-2020","        332.70","        340.10","        355.00","        328.25","        353.25","        352.30","        343.95","    9954246","          3423744741.40","     131072","    2978206","         29.92"
"SUNPHARMA","EQ","01-Apr-2020","        352.30","        353.00","        355.25","        338.40","        344.35","        343.55","        344.57","    6702259","          2309378542.30","      94680","    2249335","         33.56"
"SUNPHARMA","EQ","03-Apr-2020","        343.55","        343.95","        389.80","        340.00","        376.45","        375.95","        369.67","   28550650","         10554231364.55","     338973","    8027405","         28.12"
"SUNPHARMA","EQ","07-Apr-2020","        375.95","        398.00","        422.85","        388.30","        415.55","        417.35","        407.17","   29675452","         12082876093.15","     343700","    7501033","         25.28"
"SUNPHARMA","EQ","08-Apr-2020","        417.35","        419.00","        448.75","        413.15","        437.50","        436.70","        436.03","   27810987","         12126523142.55","     433126","    4933275","         17.74"
"SUNPHARMA","EQ","09-Apr-2020","        436.70","        454.40","        473.90","        443.40","        452.45","        454.45","        460.90","   31863686","         14686105866.80","     408412","    7169394","         22.50"
"SUNPHARMA","EQ","13-Apr-2020","        454.45","        462.95","        477.90","        443.10","        463.00","        462.35","        464.72","   30510404","         14178666669.75","     361403","    4125152","         13.52"
"SUNPHARMA","EQ","15-Apr-2020","        462.35","        474.90","        488.50","        444.10","        450.00","        449.20","        469.39","   32508977","         15259261040.10","     427523","    5824848","         17.92"
"SUNPHARMA","EQ","16-Apr-2020","        449.20","        450.00","        467.60","        449.20","        466.00","        463.70","        459.59","   16933112","          7782361760.85","     236715","    2563033","         15.14"
"SUNPHARMA","EQ","17-Apr-2020","        463.70","        476.95","        476.95","        448.45","        457.30","        457.10","        459.57","   19774595","          9087893401.75","     231383","    3289940","         16.64"
"SUNPHARMA","EQ","20-Apr-2020","        457.10","        457.35","        475.00","        450.55","        474.85","        473.40","        466.27","   17894276","          8343567565.00","     198808","    4661279","         26.05"
"SUNPHARMA","EQ","21-Apr-2020","        473.40","        467.85","        490.70","        464.25","        470.35","        473.15","        479.92","   30022318","         14408188549.05","     354530","    4347480","         14.48"
"SUNPHARMA","EQ","22-Apr-2020","        473.15","        474.95","        482.40","        469.00","        475.50","        474.35","        476.47","   13336594","          6354473105.90","     195298","    2637306","         19.77"
"SUNPHARMA","EQ","23-Apr-2020","        474.35","        476.95","        487.85","        474.35","        478.50","        477.45","        481.09","   13748836","          6614369526.00","     179350","    4250921","         30.92"
"SUNPHARMA","EQ","24-Apr-2020","        477.45","        476.95","        497.00","        473.55","        485.50","        485.55","        488.13","   23394286","         11419353958.10","     270856","    4027610","         17.22"
"SUNPHARMA","EQ","27-Apr-2020","        485.55","        491.00","        504.80","        487.00","        489.75","        489.90","        495.76","   19311559","          9573882063.25","     256613","    3266393","         16.91"
"SUNPHARMA","EQ","28-Apr-2020","        489.90","        495.00","        495.40","        470.30","        475.10","        473.95","        479.06","   12847952","          6154904852.00","     168690","    2713603","         21.12"
"SUNPHARMA","EQ","29-Apr-2020","        473.95","        476.00","        484.95","        473.15","        478.80","        477.65","        478.43","   10166501","          4863934540.90","     121573","    2360471","         23.22"
"SUNPHARMA","EQ","30-Apr-2020","        477.65","        484.00","        485.00","        458.40","        466.00","        464.45","        468.37","   18471937","          8651674740.95","     248711","    5758342","         31.17"
"SUNPHARMA","EQ","04-May-2020","        464.45","        464.45","        474.50","        458.00","        466.00","        465.45","        469.54","   16097081","          7558168770.75","     218018","    4176094","         25.94"
"SUNPHARMA","EQ","05-May-2020","        465.45","        469.80","        472.50","        454.00","        457.30","        456.30","        462.31","    7852607","          3630346217.60","     105821","    1692541","         21.55"
"SUNPHARMA","EQ","06-May-2020","        456.30","        459.60","        463.00","        448.00","        456.50","        454.40","        454.95","   10829910","          4927088357.45","     181109","    3340666","         30.85"
"SUNPHARMA","EQ","07-May-2020","        454.40","        462.00","        465.70","        450.20","        453.55","        452.20","        458.72","   11216370","          5145132335.45","     155891","    2377897","         21.20"
"SUNPHARMA","EQ","08-May-2020","        452.20","        460.00","        471.40","        454.05","        470.00","        469.00","        464.23","   13693935","          6357178311.00","     201306","    3044240","         22.23"
"SUNPHARMA","EQ","11-May-2020","        469.00","        473.70","        475.55","        461.30","        465.50","        463.85","        467.97","   10294818","          4817683071.65","     182170","    2065964","         20.07"
"SUNPHARMA","EQ","12-May-2020","        463.85","        465.00","        468.80","        455.30","        464.30","        463.90","        461.73","    9507982","          4390084052.90","     127499","    1968704","         20.71"
"SUNPHARMA","EQ","13-May-2020","        463.90","        469.00","        469.45","        450.20","        453.90","        452.35","        455.80","   10010346","          4562712128.25","     163482","    2618930","         26.16"
"SUNPHARMA","EQ","14-May-2020","        452.35","        453.00","        462.95","        448.80","        456.50","        455.95","        457.48","   11764891","          5382257481.35","     164996","    2626394","         22.32"
"SUNPHARMA","EQ","15-May-2020","        455.95","        455.95","        458.90","        445.55","        446.80","        448.60","        452.46","    7863397","          3557838994.75","      96594","    2238125","         28.46"
"SUNPHARMA","EQ","18-May-2020","        448.60","        447.00","        454.60","        434.25","        440.00","        440.70","        441.89","    9067512","          4006840195.90","     149683","    2595154","         28.62"
"SUNPHARMA","EQ","19-May-2020","        440.70","        443.80","        456.00","        438.60","        443.10","        441.70","        446.82","   10126406","          4524675093.70","     160458","    2591004","         25.59"
"SUNPHARMA","EQ","20-May-2020","        441.70","        439.90","        458.45","        437.25","        456.90","        455.75","        448.48","    7967090","          3573094726.55","     111119","    1799469","         22.59"
"SUNPHARMA","EQ","21-May-2020","        455.75","        455.50","        469.00","        453.00","        467.00","        466.45","        461.70","    8988288","          4149865269.60","     161179","    2558965","         28.47"
"SUNPHARMA","EQ","22-May-2020","        466.45","        467.00","        471.90","        458.05","        469.60","        469.40","        466.85","   10194360","          4759202348.00","     133789","    2323604","         22.79"
"SUNPHARMA","EQ","26-May-2020","        469.40","        471.00","        475.50","        457.00","        460.00","        459.15","        467.80","    9801065","          4584906415.50","     143117","    2732751","         27.88"
"SUNPHARMA","EQ","27-May-2020","        459.15","        464.90","        464.90","        443.40","        450.20","        450.90","        455.43","   13253945","          6036293521.45","     198745","    2242163","         16.92"
"SUNPHARMA","EQ","28-May-2020","        450.90","        453.90","        461.65","        444.70","        459.70","        459.10","        455.96","   12633089","          5760144532.20","     156736","    3380135","         26.76"
"SUNPHARMA","EQ","29-May-2020","        459.10","        460.00","        481.60","        458.00","        476.90","        474.25","        468.70","   12663543","          5935464135.35","     170013","    3575195","         28.23"
"SUNPHARMA","EQ","01-Jun-2020","        474.25","        483.50","        483.70","        458.30","        465.90","        465.40","        470.82","   18563845","          8740206995.55","     213739","    4287333","         23.10"
"SUNPHARMA","EQ","02-Jun-2020","        465.40","        470.00","        481.00","        468.15","        473.00","        473.10","        475.92","   10978082","          5224660445.15","     148186","    2070911","         18.86"
"SUNPHARMA","EQ","03-Jun-2020","        473.10","        474.95","        481.60","        473.00","        474.80","        476.15","        477.77","    7768553","          3711583243.95","     106980","    1867352","         24.04"
"SUNPHARMA","EQ","04-Jun-2020","        476.15","        473.00","        498.00","        472.10","        496.00","        494.85","        489.44","   19100370","          9348456565.55","     240611","    3720741","         19.48"
"SUNPHARMA","EQ","05-Jun-2020","        494.85","        501.00","        511.00","        492.20","        494.40","        494.25","        503.63","   22798422","         11481901490.00","     250282","    3410998","         14.96"
"SUNPHARMA","EQ","08-Jun-2020","        494.25","        498.75","        498.75","        485.05","        488.70","        489.00","        490.86","    9182445","          4507324287.90","     146148","    1602028","         17.45"
"SUNPHARMA","EQ","09-Jun-2020","        489.00","        492.00","        512.70","        492.00","        498.45","        500.75","        505.48","   25884208","         13084013547.80","     297673","    6277327","         24.25"
"SUNPHARMA","EQ","10-Jun-2020","        500.75","        502.50","        507.00","        493.55","        499.75","        499.15","        500.72","   10636665","          5325950821.75","     135548","    2384175","         22.41"
"SUNPHARMA","EQ","11-Jun-2020","        499.15","        490.00","        493.80","        469.10","        475.00","        473.65","        481.15","   18547537","          8924143671.10","     251481","    3552776","         19.15"
"SUNPHARMA","EQ","12-Jun-2020","        473.65","        455.00","        481.90","        455.00","        478.80","        480.10","        475.83","   11499860","          5471942972.00","     145048","    1536965","         13.37"
"SUNPHARMA","EQ","15-Jun-2020","        480.10","        481.00","        489.40","        472.70","        484.15","        485.80","        482.41","   10727543","          5175121480.90","     133156","    1976862","         18.43"
"SUNPHARMA","EQ","16-Jun-2020","        485.80","        489.40","        493.50","        476.50","        483.40","        483.40","        486.06","   11249453","          5467934255.30","     147533","    2646269","         23.52"
"SUNPHARMA","EQ","17-Jun-2020","        483.40","        484.15","        489.75","        479.10","        484.80","        485.65","        485.04","    8222224","          3988143942.55","     100228","    2181967","         26.54"
"SUNPHARMA","EQ","18-Jun-2020","        485.65","        485.65","        488.50","        483.00","        484.45","        484.25","        485.20","    4077225","          1978265556.00","      53105","     988194","         24.24"
"SUNPHARMA","EQ","19-Jun-2020","        484.25","        486.80","        491.95","        485.20","        487.95","        488.10","        488.68","    8114876","          3965591608.00","     113388","    3179636","         39.18"
"SUNPHARMA","EQ","22-Jun-2020","        488.10","        492.20","        501.20","        486.00","        493.50","        493.20","        493.49","    9204207","          4542202138.70","     128098","    2083211","         22.63"
"SUNPHARMA","EQ","23-Jun-2020","        493.20","        493.20","        503.00","        489.50","        500.00","        500.45","        498.29","   10732868","          5348064460.10","     127180","    2304872","         39.61"
"SUNPHARMA","EQ","24-Jun-2020","        500.45","        502.00","        503.40","        481.00","        483.95","        484.40","        492.43","    8567595","          4218935083.80","     111662","    2435238","         28.42"
"SUNPHARMA","EQ","25-Jun-2020","        484.40","        480.30","        492.50","        477.00","        487.20","        487.65","        486.57","    6954202","          3383700283.85","      82799","    1634473","         23.50"
"SUNPHARMA","EQ","26-Jun-2020","        487.65","        490.25","        491.00","        472.20","        480.10","        479.95","        481.15","    7492508","          3605005592.15","     100114","    2714139","         36.22"
"SUNPHARMA","EQ","29-Jun-2020","        479.95","        475.50","        487.35","        475.00","        482.00","        482.00","        481.58","    5727890","          2758413132.40","      76444","    1374372","         23.99"
"SUNPHARMA","EQ","30-Jun-2020","        482.00","        483.40","        483.95","        469.80","        472.90","        472.95","        474.69","    8339627","          3958738427.45","     112660","    2684798","         32.19"
"SUNPHARMA","EQ","01-Jul-2020","        472.95","        473.50","        475.80","        466.15","        467.95","        468.15","        469.78","    5984010","          2811164661.85","      65841","    1555807","         26.00"
"SUNPHARMA","EQ","02-Jul-2020","        468.15","        468.00","        474.95","        467.95","        474.90","        473.00","        472.04","    3732197","          1761752494.75","      44001","    1120259","         30.02"
"SUNPHARMA","EQ","03-Jul-2020","        473.00","        477.00","        479.35","        472.00","        476.00","        476.85","        476.06","    4666366","          2221482563.20","      54675","    1497195","         32.08"
"SUNPHARMA","EQ","06-Jul-2020","        476.85","        478.00","        481.25","        471.40","        480.40","        480.20","        476.43","    5995308","          2856353118.60","      78316","    1733094","         28.91"
"SUNPHARMA","EQ","07-Jul-2020","        480.20","        480.00","        486.00","        476.15","        478.85","        479.25","        482.04","    6793461","          3274712517.45","      83512","    1989714","         29.29"
"SUNPHARMA","EQ","08-Jul-2020","        479.25","        482.55","        488.00","        479.95","        481.75","        482.50","        484.16","    6279478","          3040260473.60","      97492","    2485229","         39.58"
"SUNPHARMA","EQ","09-Jul-2020","        482.50","        484.55","        487.20","        480.35","        483.25","        481.95","        483.71","    3184423","          1540345537.40","      50321","     876329","         27.52"
"SUNPHARMA","EQ","10-Jul-2020","        481.95","        484.65","        498.90","        483.05","        493.00","        493.90","        494.12","   14899981","          7362356437.25","     169102","    2383756","         16.00"
"SUNPHARMA","EQ","13-Jul-2020","        493.90","        495.00","        501.70","        492.30","        498.35","        499.70","        498.43","    7504401","          3740427379.40","      95923","    1879724","         25.05"
"SUNPHARMA","EQ","14-Jul-2020","        499.70","        500.00","        503.90","        490.10","        491.00","        492.10","        496.34","    6997303","          3473046068.00","      92819","    1781861","         25.46"
"SUNPHARMA","EQ","15-Jul-2020","        492.10","        494.20","        499.40","        492.20","        494.75","        495.10","        495.46","    4710293","          2333750178.15","      54919","    1480436","         31.43"
"SUNPHARMA","EQ","16-Jul-2020","        495.10","        496.00","        505.95","        490.60","        498.40","        499.70","        498.85","   11263599","          5618871073.70","     144169","    3719490","         33.02"
"SUNPHARMA","EQ","17-Jul-2020","        499.70","        499.60","        509.55","        497.35","        504.05","        503.60","        504.51","    9592498","          4839551238.90","     111488","    2316229","         24.15"
"SUNPHARMA","EQ","20-Jul-2020","        503.60","        501.90","        501.90","        481.60","        483.95","        483.80","        487.03","   16111403","          7846688266.60","     200477","    5698569","         35.37"
"SUNPHARMA","EQ","21-Jul-2020","        483.80","        488.00","        488.20","        475.00","        478.00","        477.25","        479.22","    8471187","          4059539047.45","     121525","    3160962","         37.31"
"SUNPHARMA","EQ","22-Jul-2020","        477.25","        479.65","        488.00","        471.60","        474.90","        474.30","        479.62","    9848012","          4723338064.35","     106305","    2684848","         27.26"
"SUNPHARMA","EQ","23-Jul-2020","        474.30","        477.95","        481.85","        474.05","        476.25","        476.00","        477.37","    5416318","          2585602467.30","      70750","    1734667","         32.03"
"SUNPHARMA","EQ","24-Jul-2020","        476.00","        490.00","        497.80","        481.25","        486.00","        485.60","        488.83","   19812565","          9684954181.10","     220337","    4507571","         22.75"
"SUNPHARMA","EQ","27-Jul-2020","        485.60","        484.85","        487.60","        469.00","        473.25","        475.50","        474.79","    6112630","          2902188102.00","      84097","    1641926","         26.86"
"SUNPHARMA","EQ","28-Jul-2020","        475.50","        475.50","        483.75","        473.25","        483.00","        482.60","        480.41","    5917310","          2842747216.15","      67417","    1490621","         25.19"
"SUNPHARMA","EQ","29-Jul-2020","        482.60","        485.70","        496.30","        484.15","        492.90","        493.00","        491.22","    8531989","          4191068703.60","     102102","    1897815","         22.24"
"SUNPHARMA","EQ","30-Jul-2020","        493.00","        493.20","        513.20","        487.30","        511.20","        509.95","        501.32","   17535910","          8791105327.25","     202780","    5739016","         32.73"
"SUNPHARMA","EQ","31-Jul-2020","        509.95","        514.25","        541.00","        507.50","        537.80","        531.70","        522.62","   41253779","         21560239683.80","     469087","    6992350","         16.95"
"SUNPHARMA","EQ","03-Aug-2020","        531.70","        534.10","        540.20","        516.80","        520.80","        519.40","        527.55","   25348260","         13372480935.60","     235677","    5725772","         22.59"
"SUNPHARMA","EQ","04-Aug-2020","        519.40","        522.00","        532.40","        517.25","        529.25","        528.95","        525.05","   11950188","          6274448713.55","     152594","    2454218","         20.54"
"SUNPHARMA","EQ","05-Aug-2020","        528.95","        537.90","        538.00","        527.05","        529.75","        528.85","        532.83","   10928710","          5823144347.55","     113267","    2579640","         23.60"
"SUNPHARMA","EQ","06-Aug-2020","        528.85","        533.90","        541.45","        526.15","        532.75","        532.25","        534.60","   10920296","          5837958092.85","     117487","    2462359","         22.55"
